x,y,pop
4700,2950,228780
4100,2300,190201
3650,2900,364242
4200,4200,4545
3100,1800,14206
5350,1750,266060
4650,3400,100251
2950,3450,309
3900,2700,236213
4550,2700,206578
4750,5300,1179
4900,2000,431337
5600,2750,283373
3050,2350,178416
5000,4450,21793
4650,4600,656
3300,2150,43418
5450,2500,324524
5000,3300,182466
3050,3400,202540
5100,4000,7682
4900,4350,9357
3200,4850,0
4200,3000,1623506
5350,1800,34185
4800,4850,405
5000,3250,376622
5450,2450,193796
3900,2650,157948
4650,2350,7277
4750,4100,102105
4750,3050,425509
4800,4700,6236
3050,3550,88945
4550,1650,178660
3100,1950,287241
3050,2400,264758
3050,2200,19691
4100,2450,296562
3050,4750,0
3100,1750,183151
4650,2150,336174
3150,3100,0
3650,2850,262703
4200,3150,638739
4900,3350,256818
4200,4350,10251
4900,3150,162347
4650,3350,151959
4200,4150,10809
3200,3650,52925
4100,2250,242683
4200,2000,3411
4550,2850,149344
4750,4050,1354999
4650,3550,186
4800,2450,17850
4050,4100,247002
4550,2650,60472
4800,2650,159236
4000,2950,396989
3300,3350,0
3750,2350,54963
4650,4750,2194
4750,5250,1380
3750,2550,135243
3850,3050,794565
5700,2250,12417
5700,2450,37105
3650,1850,578654
1600,1050,1834
4000,2750,70260
2850,1750,43720
2950,2250,9412
4650,4550,2464
2850,1550,1663
3300,3150,0
5600,1750,8794
6400,1650,330877
4550,3850,159911
5350,3950,904
5100,3000,442639
5550,2200,84729
3100,1600,121031
4900,3000,1087841
4650,3200,163217
5000,3050,274231
4900,5350,3753
4200,4400,50706
4750,2050,328314
4550,4850,4896
4800,4650,51037
5000,2300,0
3800,2950,280564
4550,2500,301989
5500,2900,45049
4700,1950,1381745
4100,3300,402777
5600,2550,237707
4200,4000,8043
2750,1850,32121
1600,1100,58268
4200,2150,23008
5500,1850,6337
4700,3950,77367
4800,2250,259367
3050,3600,31773
3750,2600,97123
3950,3000,225888
4700,1550,354055
5450,2250,70215
5000,3450,284254
4550,2900,120771
4850,5150,471
3850,2300,521778
5100,5000,653
3050,3350,378808
4850,5000,1788
5350,1950,115863
3400,3100,0
5450,2650,128404
5100,4150,40709
5000,4300,169694
5550,2350,146347
5000,4700,114669
2850,4950,0
4550,4900,10674
4700,4950,305
4700,2600,196087
3300,2000,4719
5350,2800,120003
4800,3300,151798
5450,1650,28174
5600,1600,5890
5000,2450,46928
2850,1600,364642
5100,3150,188047
5700,2300,256507
3300,3400,0
2950,2300,121361
4900,4400,27984
4700,1600,163248
3000,1900,13293
5350,3800,59246
3750,2200,19561
3150,2050,224614
4000,2600,148369
4550,3900,48303
4050,4050,68145
5500,1900,71
3200,2300,50885
5000,5300,3625
4800,2300,37996
4650,4200,7389
4800,2700,240767
4050,3050,964179
4100,4300,32025
3550,1800,117484
2750,1900,77124
5600,2600,181334
4550,3500,457
2900,1950,113919
4450,2800,429011
2950,3300,9287
4900,3400,213251
3200,3700,14929
2900,1800,28174
3150,3450,151042
5450,1700,100828
3300,4000,0
4550,3450,35852
4450,2750,542671
5500,2700,141858
2850,1950,17322
5450,2050,61763
3800,2750,160237
4300,3050,307150
4550,4650,541
4700,4800,18
4650,3000,413170
5100,4400,153718
2850,2350,97071
3200,2900,69363
4550,2300,163667
3400,2100,772016
5700,2700,8423
4450,3950,23710
3300,3600,0
5000,3700,36553
4650,2600,222723
4850,5200,144
4200,2350,737326
4800,2050,93692
3000,1850,19704
3500,4000,0
4850,5350,2760
3400,3300,0
4750,4500,10280
3200,1700,20806
5450,2850,86843
4300,4250,12831
5000,4900,40237
3900,2300,542701
3850,2450,378671
4900,5200,2867
4200,3550,89125
3950,3150,1247586
4650,3800,24604
5500,2850,367025
4100,2850,274297
4800,1650,403921
4750,4650,4735
4050,3300,495844
4750,2300,95454
4800,1850,103347
4650,3950,161970
3200,2250,14916
4200,3350,299716
4150,4000,1578
1700,1000,512346
4650,1600,177051
4900,2550,74068
2950,1650,103556
4100,2650,786152
5250,2850,20377
3200,3450,1164413
4650,3150,145070
5700,1450,126702
4750,3500,154507
4750,3300,185550
3800,2600,95037
5650,2100,70257
5250,1850,77999
4750,5050,16
5250,1650,10227
4100,3850,23907
4050,4300,20085
3300,3750,0
3750,2750,154634
5350,2550,98294
5350,2350,78161
4800,2850,264627
4650,4950,0
4550,2450,12179
3150,2100,16708
2950,2050,39625
4000,2350,84173
4650,4150,54397
4550,3650,146207
4900,2350,0
5000,5250,82
5550,2400,275146
4100,3050,2166101
4850,3000,233710
4650,4350,51796
5200,4100,47711
3900,2900,65970
4450,2950,246525
3850,2250,41875
4100,4050,6423
4800,3050,207284
2850,4800,0
3300,2750,12312
3200,3100,0
4800,3850,44265
3500,3000,13480
4700,2350,49988
3100,4750,0
5100,4600,9126
5000,4250,37004
4900,2200,40692
6300,1600,5
4600,1650,985488
3400,2300,127877
4650,4800,74
4850,2000,786287
4950,5050,29
4650,2800,155044
4000,3350,173819
2950,4850,0
5450,2700,93271
5000,3900,306
4350,2900,1005841
4150,3000,582812
4900,4550,17525
5250,3850,16350
5000,2250,0
3900,2450,319105
4650,2000,578553
4650,2950,220395
4700,3800,27919
4200,3200,1285905
4800,4500,15234
5000,3100,135045
4050,2300,50867
4450,4950,4989
4300,4050,338136
3200,1900,54284
4100,2500,116807
750,900,550
5550,2550,544729
4650,5000,165
2950,5050,0
5000,4100,7304
2650,1950,1465284
4700,2800,231058
5600,1400,143
5350,2200,76322
2850,2000,13550
5450,1850,32109
900,950,12672
4800,3500,165835
3850,3100,1112138
4550,4300,2636
3750,2400,36128
3500,3150,0
2850,1800,46828
4450,3600,1898904
3000,1700,227694
4900,4200,15100
4000,2800,333041
5000,5100,2175
4650,4000,149853
3200,4900,0
5500,1700,67738
4700,3350,60906
5650,2250,37323
4600,2650,35517
4550,3300,139935
5600,2400,89457
4800,2500,165439
3200,2100,12208
4900,3200,222043
4450,2600,91409
3150,2250,17375
3650,2700,113711
5350,4400,1270
5150,1800,2
5700,1900,64090
4600,3700,23590
4850,3350,665098
3100,3350,93067
1550,1100,25544
2800,1850,33693
4300,3450,526986
4000,3150,1350314
4650,1950,2832172
4800,4050,41201
3100,2200,114127
950,900,2220
4150,4350,20430
4850,4550,1720
4450,2350,477391
3650,3300,0
3400,2450,112597
5050,5200,75
5150,2950,83830
4150,3150,1011102
5800,1550,3
4900,2800,328402
4900,1750,62613
4150,3200,1002857
4550,4250,253
3250,2200,182012
4200,3950,3186
2900,4800,0
5700,1850,11702
4350,2850,236123
2950,1850,32651
5050,4150,39847
2750,2300,611437
3550,2550,188895
5400,1600,105879
4350,3900,17020
3400,3650,0
5250,2650,76555
5250,2450,25792
4950,5100,75
3550,3800,0
4950,5300,349
3300,2800,339847
4700,2000,342365
5200,2100,0
3550,3600,0
5400,3800,8148
4200,2600,50900
3800,2400,40990
5200,3300,37967
3650,2250,154084
3850,2700,54814
5550,1800,11449
5300,1900,110655
4700,3200,221081
4300,4500,18069
5100,2400,0
3300,3950,0
2900,2400,60699
4750,1500,102910
4800,5300,12357
5350,2150,2630
4300,2300,528732
3400,2500,1049
4300,2100,0
4800,5100,2025
5800,1600,2
3500,2200,13917
4850,3400,134004
4850,3200,305505
4200,2800,673786
3500,2000,133579
5100,3800,79217
3700,2700,85051
5100,3600,30796
4400,4000,36335
3950,2400,67286
4400,4200,13429
4550,2050,539359
2650,1800,31691
4850,3150,246221
5400,1800,115836
2700,2050,249618
5450,1900,4121
3100,3550,59426
4350,3700,23097
4300,3650,526565
5000,2700,946856
4750,2850,159147
5800,2400,510
5250,4650,6671
4600,3900,167508
3250,3600,0
4550,4450,61739
3300,1950,5204
5000,1900,521770
4300,3250,740636
3650,3500,0
5600,2150,50985
4550,4050,19671
3400,2250,24423
3100,3600,57564
3650,3100,0
4350,2650,104430
4450,4800,3825
5000,3850,40186
4900,1950,485355
5250,4700,704
5650,1500,15048
3350,3250,0
4750,4850,3263
4550,5100,12582
3550,2750,123886
2750,2100,336097
5550,2750,302527
5500,2450,126723
5100,3550,11507
4450,4350,1784
4550,4500,8086
4450,4750,20118
4000,3200,1444679
3150,1850,89473
2650,1750,164279
3250,3550,52860
4600,2850,202966
5350,2400,145909
1150,2500,3558
4600,3450,1637
4450,3400,324754
5100,4950,2844
4250,2950,499293
3500,3350,0
5200,3250,117935
5500,1500,39
4850,2550,145528
3000,3450,31541
5400,2750,192562
4700,3150,215379
4900,4800,14284
5650,2450,99852
3250,3150,0
3900,3250,69393
5150,4950,89
4400,3350,217449
2750,4850,0
4550,3100,963585
5200,4650,9374
3350,1950,44870
2900,1550,320619
4500,5050,26724
5050,3200,310805
5250,2700,81477
3700,1850,260828
4700,4550,404
4200,1950,100659
3050,1750,99460
4950,4250,38722
5000,1850,5921
4350,3500,54398
4100,4250,12549
3250,3800,0
5250,4450,7309
5000,2500,128511
4700,2550,316030
4950,3300,253950
5600,1950,12402
3600,2800,127963
4050,3250,673575
5000,4050,695
4850,4950,2777
3500,2400,153642
3100,4950,0
5250,3300,141
4650,1550,188633
2800,4900,0
5600,2350,55389
5300,4350,41344
4900,2400,0
5850,1600,9
4300,4100,52842
4750,3450,75471
3400,2050,16282
4750,1900,155016
4700,5150,6138
3750,2800,280047
2900,2150,26615
5750,2350,29103
4250,4250,5355
5150,2550,424046
3550,2950,219223
4100,2700,1108405
4500,3750,27461
4950,2250,0
5450,2100,79733
4050,2850,194859
4600,1700,787
5000,3650,248592
3000,2300,38120
4900,5000,2441
4050,3900,27072
3600,2100,208351
5150,3600,52774
4750,2100,4223
5200,3700,127538
4250,4450,9318
3650,2450,161186
3850,2500,374286
4200,2400,364997
5700,1650,4654
5200,3500,31310
3650,2650,109979
4650,3750,25821
5250,2250,0
4150,2550,102537
4750,1700,21581
4550,2250,361855
5300,3900,28519
5100,2000,0
3700,2500,43746
3150,2300,52396
4250,3800,2
3700,2300,42591
5800,1800,77
4600,2100,216779
3400,2700,572433
3450,3900,0
5150,4050,29963
4500,2400,15147
5100,2200,0
3200,2850,16892
5350,3750,27623
5050,2350,0
3750,2150,53024
5750,1900,4282
5050,2150,0
4000,2550,1051002
5350,4600,24
4200,1750,293407
4600,5000,9102
5100,5350,2196
3750,3000,321783
2900,5050,0
3200,3500,202878
3950,2200,551357
4950,3100,418652
5050,4350,19276
4100,2900,780855
3050,2150,383135
3150,3650,68863
4850,4750,103131
5650,2650,207098
4900,2600,148552
4450,2550,133915
5300,4550,8749
5050,5000,404
5700,2500,98558
3350,3500,0
4300,4300,1839
3100,2000,1173503
5100,4200,1176284
4700,3400,89383
4150,3400,6855
4400,3600,201351
4450,3200,88666
3200,3050,0
5450,2300,68314
5250,3100,103733
4650,2400,19645
4800,3100,1018889
4200,3750,33498
2800,2000,61554
4900,4150,1331
3950,3350,1855
3250,2000,7499
3000,1650,130977
4250,1800,63549
5150,2750,353065
3400,3850,0
4750,3250,944784
4700,2750,110811
3900,2850,125171
4500,3550,77472
4950,2450,72706
5500,2650,127820
5000,4500,16983
1300,2350,9144
4800,4900,1515
3150,1650,60935
3450,1900,345257
2850,4750,0
4550,4700,1091
5050,4800,3144
4450,4550,390
3450,3450,0
3250,1800,185612
4600,3250,168475
5350,2600,169413
3500,3550,0
5100,3350,127325
4850,2750,366016
4700,1400,480275
5200,3050,244328
4650,4400,4010
3300,3200,0
4100,3100,2534795
5150,4750,1117
4400,3150,285030
3600,3250,0
3050,5000,0
3550,3150,0
2750,1700,114161
5200,4850,523
4250,3100,604581
4800,2900,564024
3350,1750,676671
5050,3000,455789
3050,1950,127700
4400,4950,2298
4950,4450,88485
3900,3050,2339669
3450,3200,0
4700,4750,212
3400,1850,1868858
5600,2800,518019
2900,1750,100529
3450,3350,0
3700,3150,0
2600,1900,90221
4400,2600,210516
5150,3350,92816
5750,1600,1
4950,3750,67172
5300,2400,47343
3250,1900,19939
4850,1800,278429
4250,3550,192203
3550,4050,0
5200,2800,187006
4350,3150,278214
4500,4550,732
4450,5000,18063
5150,4500,8818
4950,2500,179218
4500,2200,420660
2750,5000,0
3500,2800,208895
5050,2600,112712
5250,4050,21332
5050,4950,1431
5200,1750,4546
3600,3500,0
4600,4100,48162
3700,2050,208443
3350,3850,0
4500,3300,108737
5150,2250,0
4400,3700,136
5250,4100,18399
5300,3650,32440
4950,2650,158215
5200,3900,52299
2800,2100,222353
4850,2900,411010
4500,3450,132946
4600,4150,126679
4600,4050,39799
3600,2300,1226485
5150,2100,0
3600,2400,99812
4600,5200,111
3700,3250,0
4150,2950,982914
5300,4600,9187
5150,3200,394761
5200,2750,144624
4850,1900,113237
3600,2550,287151
4150,3900,19701
5050,2750,194122
5300,2300,0
5150,4600,18461
4400,4800,4785
5300,2350,15842
5150,3450,74069
3450,2300,265641
5050,2500,3855
5300,2550,48652
5050,3900,971
5150,4450,15267
5050,3700,77069
4250,2450,3426016
3450,2100,15678
3450,2350,104075
4950,4950,1031
4400,3650,30884
4350,4150,133842
5200,1800,6125
4300,2950,556432
4350,4300,3639
3350,1650,93999
3450,3500,0
2650,2050,412
4250,3650,209185
3550,4000,0
5750,1700,3202
4150,2700,679074
4250,3400,276748
3350,2800,307066
5050,3950,17693
5300,4500,92994
4350,3300,165881
3500,3850,0
3700,3300,0
5050,4700,116890
4250,2600,119419
4500,3500,5192
5050,2850,162351
4250,2200,1452
2800,2050,109077
3450,2400,47811
5750,1450,46375
5300,2650,45937
4850,2850,262494
2700,1750,102752
5200,1950,1328
4600,4200,5742
4500,2050,3197021
4300,2800,662459
4500,2450,199156
4500,2350,51750
4950,2400,0
5300,2250,648
3700,2150,248126
5750,2550,43611
4500,3200,160234
5300,3750,99220
3350,3550,0
4500,4600,789
3250,2850,270700
3500,3900,0
4600,5150,6042
3400,1800,462843
3450,3650,0
4500,3050,741431
4500,4850,2154
3500,3750,0
5050,3450,125707
3250,1600,33353
4600,3050,364806
3500,2500,94924
3250,3950,0
4250,2300,17237
4250,2700,933341
3250,1850,49423
3500,2900,173339
4500,2100,585931
5300,3800,29264
4250,2150,114006
5150,4550,23384
4350,4000,261506
5050,3600,46200
5150,4150,286
3350,1700,502399
3700,2200,318499
4150,1850,30691
5150,4300,152878
5200,1700,21828
5050,2450,19
4250,3700,153027
5100,2950,165169
4250,2550,114929
4350,4400,3003
3450,2000,27575
4250,3950,33984
4500,2500,666579
3500,2750,434491
5050,3850,28650
4350,4250,2973
4400,4750,17202
3450,2250,113348
4350,4650,270
3450,3400,0
4250,3300,323120
5200,2450,19997
3150,1950,174238
4400,2200,119871
5250,2150,0
2900,3350,2824
3450,3750,0
3550,3300,0
5650,2800,63087
5050,4550,11940
3350,2200,56644
4350,2350,706662
4500,4950,3906
4700,5200,8232
5150,4900,1699
5300,2000,116890
5300,1600,0
5050,2200,0
4500,4150,7786
4400,3400,154509
4350,3550,162571
3000,2250,203020
3800,3150,45692
3350,3300,0
1650,1000,175070
3700,2450,82781
5750,2400,400910
2900,2250,14376
5750,2300,49124
5650,1700,14514
4500,3850,52162
3550,2200,26023
4350,2450,853065
3350,3450,0
4450,3050,515826
5150,3800,738801
2700,1800,26629
5250,4400,10527
2700,1900,37414
5250,4500,11655
4400,2300,540557
5200,2350,0
4300,3750,301474
3550,3400,0
4400,2900,596804
3000,2100,237658
2000,1000,139675
4200,1800,251820
5300,1700,98527
5250,3400,21
4500,3600,704241
3450,2700,548438
4150,2350,232328
3800,3050,2159051
4250,4400,7284
2900,2000,49742
3000,2350,330340
4700,3000,404276
4300,2700,464417
3650,4150,0
4850,2450,24823
5400,2200,77934
3350,1800,122263
4600,4500,2558
4250,2850,1767273
5200,3550,103868
4150,1950,144497
5150,4200,283965
5100,2850,152215
4500,5100,1659
3400,2900,124331
4400,4400,689
5400,2450,378171
4700,4000,62515
5050,3300,667523
5300,2700,138278
3000,3350,79087
4400,4650,6195
4850,4800,4559
2800,4850,0
4350,4550,22389
3500,3600,0
5150,3100,216619
4450,4050,40374
4950,3500,35711
4250,4500,13872
4400,2450,825560
3400,1900,259534
3600,2650,91828
4500,3150,165419
3000,2000,33351
4900,1900,4689
3100,5050,0
3550,3550,0
3250,3650,1256
5300,4150,78483
1100,2550,10471
3350,3200,0
4600,4750,413
3600,3400,0
3250,1750,76179
5150,2800,267850
3500,1950,99082
3550,2300,88657
3650,3150,0
5150,2350,0
5250,4750,38
6450,1600,47381
5750,2650,583
4950,2750,562089
3700,3000,168139
5150,2000,0
4250,4050,19254
5200,2200,0
4350,2200,149803
4500,4700,1234
4350,2100,1322
5150,3900,19869
4150,3350,403963
2800,2400,473162
3150,1700,40461
5050,4400,20503
4700,4350,62258
4350,3200,550327
3350,2100,61080
4400,2550,415575
4600,3650,90513
4250,1750,70314
3950,2750,77489
5200,2900,68647
3350,2350,2934
4500,4000,115412
3000,5000,0
4500,4250,65
4950,3050,1534051
4350,3450,95786
4700,5100,1311
4400,3300,86227
5050,4650,5483
4600,2400,95896
3350,3900,0
4200,3900,127506
4950,4600,12643
4450,4150,2120
4400,3550,227091
2850,5100,0
5400,2300,131986
4500,5000,23295
4950,4850,1161
5200,3450,21754
4200,2900,1729903
5400,2550,160301
4150,2800,966782
4700,4100,168827
5300,1850,66453
3950,2500,302156
4600,3400,72066
3350,2900,233846
5250,2550,73199
5100,3650,49994
5550,2850,240169
4000,3100,922983
3500,2050,58539
3550,3700,0
3650,2100,223887
3250,3400,21287
4750,2650,215735
3500,3200,0
4700,4400,43680
5500,2350,95645
5100,4800,1483
5250,3700,63364
4750,4900,15173
4850,2200,10789
4450,3500,20568
4950,5250,741
5200,2050,0
5200,3200,134648
4200,2750,548019
3650,3200,0
3100,2150,79087
4050,2500,90220
4700,3300,66819
1950,1000,26290
5250,3650,50214
5050,5350,0
4150,3100,664233
3550,2600,90248
3300,1850,38661
5100,4750,5560
4000,4200,3423
3100,3400,82951
4450,4600,1254
4050,2450,48717
4200,3850,101553
3250,2300,1158130
3850,2850,82180
2950,1950,23145
4350,2750,439956
2950,5000,0
4300,3500,108003
4750,2700,157963
4850,3250,251661
4150,4200,16935
4850,4400,1840
3150,4900,0
4900,2950,619936
5650,2500,193653
3650,2050,4468584
2800,1950,52634
5350,4550,4286
3400,3700,0
2800,1700,254404
3100,2300,19359
4600,1550,132367
5150,1950,0
4800,4150,245
4300,3350,2594889
3850,2900,350761
4850,4650,15513
2800,5000,0
3900,3100,2361176
5100,2600,271623
4400,3000,272724
3450,2950,75547
5200,3150,166656
3050,1800,51279
5400,2850,505
3250,3250,0
5650,2350,154753
4700,3250,139911
4500,2800,235530
4950,4150,13227
5200,4300,66603
5200,4550,27124
4550,3000,273554
4750,1550,358747
5000,1950,235496
3700,2900,907946
5250,2600,41015
4700,4650,1606
4950,5000,3171
4800,1950,161308
4150,4150,2589
5100,3400,138432
2950,1700,130658
5500,2500,255781
5250,2300,0
4400,4350,1397
2900,1600,57895
3650,2350,80816
3150,4850,0
3500,3450,0
3850,2600,142074
5050,3150,302813
5250,3950,35896
4500,3900,146735
5800,1650,5260
4750,1600,884477
4900,2700,170393
2850,2150,62356
5550,1900,6
3300,3800,0
4150,3050,587463
4550,4350,1514
4450,4900,456
4450,3750,109036
4050,2750,218068
3350,3150,0
4000,4150,42870
3650,3450,0
1850,1500,5149
4450,3350,80617
4600,1600,121743
5500,2100,82730
4050,2200,284
5100,3950,1673
4650,3900,103852
5950,1650,68796
3350,4000,0
4450,2650,76957
4450,2400,317380
3750,1850,36165
3250,2150,51830
3600,4050,0
1700,1050,224294
5200,4250,88164
3250,3700,2
2850,2200,92870
4550,5050,35208
5400,1750,51483
3900,2250,1264702
4000,3050,1677236
4450,3800,123134
5500,2050,84020
4450,2250,233176
4500,2750,433769
4550,4100,7711
6350,1650,1030
2900,2300,42068
5100,2300,0
5550,1500,37044
3700,2850,1396459
4800,5000,375
4300,2400,513423
3700,2600,60164
4950,1950,458400
5550,1750,60818
5800,1700,26977
3450,3800,0
4750,1850,7604
3450,2650,193753
5200,4000,37363
4800,5250,22350
3500,2100,244042
4300,2250,169000
4300,2650,113988
5100,2150,0
4850,3300,245469
3500,2350,54328
5100,2550,11150
4850,3550,15099
5100,3700,134607
4950,5400,1248
4400,4100,43632
3400,3250,0
5500,2750,48460
5150,3750,53032
3400,1750,619277
4300,3800,79097
5650,1650,30946
5000,4850,20928
3650,2500,56989
3950,2800,59512
3600,2000,42717
3100,1450,86450
4900,5150,27
3550,2150,20983
4150,2400,379730
4800,3200,263306
5200,3600,431918
4600,2950,454494
5350,2500,211396
4600,3350,566066
4800,1700,195888
5350,4000,705
4100,3950,2754
4900,4750,1313
4750,2250,422
3750,2950,161656
5100,3250,230576
5100,4350,17058
4050,2900,611423
5700,2600,311864
5500,1650,2632
4300,4200,42798
5600,2250,153318
4750,3350,182816
3950,3200,1999998
4600,4450,4330
3400,2150,25635
4450,3100,1044087
4850,2600,124844
4250,4350,2604
4650,2750,224239
5200,2500,101566
5300,3100,5970
4450,4200,2710
5700,1500,76181
5150,2650,191917
2750,2000,92819
5000,3750,29408
1050,2500,115
5250,3250,5196
4750,4450,42743
4750,2950,209781
3100,4800,0
4250,3250,423070
5150,3050,513985
5050,2900,249868
2900,3400,1789
3050,4950,0
4300,3100,232737
3200,2050,25548
3800,2800,179757
4800,4550,127495
5250,4350,9136
4650,1650,58726
3550,1750,48593
900,2750,951
2750,4900,0
5650,2750,183781
5300,4450,7511
4950,2800,147462
3000,3500,14604
4650,4300,37111
1200,2500,50777
3600,3100,0
5150,4850,13196
4400,3250,108980
4700,1500,84543
4100,3250,389143
4950,4300,53896
4950,4550,69822
3600,3350,0
3550,3250,0
4100,3000,494096
5200,4700,1170
3150,3500,114741
4250,3000,367324
4050,3150,1204416
3450,3100,0
3750,3100,416879
5850,2600,640
5550,2600,70542
2900,1850,28706
4800,2800,618329
2850,5050,0
3000,2400,142228
4500,1650,102652
5100,1900,1281
4400,2850,327203
4150,2650,939293
4550,4800,8
4450,4450,9047
4500,4300,2700
4600,3100,321664
4550,3250,2585079
4750,2000,117915
4850,5050,1366
5150,3500,121304
3600,2250,191872
4200,2500,1490647
5900,1600,10713
5450,1550,9579
5350,2750,149826
3550,3950,0
4600,2700,66764
3350,3600,0
4250,4100,6798
5200,3850,60504
3200,1650,56071
4200,2050,119191
5400,2600,262302
4750,3100,378720
5150,2400,0
4800,2350,2239
2900,4750,0
4300,4450,255570
4350,2500,184056
3750,2700,75872
4200,3600,105587
5100,4100,181258
4900,1850,18934
5000,3500,53024
4700,5050,23
3350,2050,18858
5700,1750,4586
5750,2250,12924
4250,1900,100298
5050,4250,75501
3400,3950,0
4800,3450,140114
3600,2950,463088
4950,2350,0
3550,2850,137726
5050,5100,2
4350,3600,37769
4600,3800,62865
3600,2700,475762
4850,1750,366837
5050,4000,7691
4950,3200,1069823
5000,2400,0
4100,4350,139902
2750,2250,254894
6500,1650,430
4950,3450,98607
5000,2650,123005
3950,2350,35875
2800,2350,294960
5600,2000,3367
3350,2750,182235
4800,3900,17
5550,2150,123784
4400,2150,119748
5250,1900,117532
3400,2850,241489
4400,3950,17291
5850,1500,1219
4050,4000,116019
4550,2150,60304
2950,2100,13407
3750,2250,374387
4050,4250,35415
4800,2100,36211
4000,2400,25400
4600,2000,247704
4550,3700,39804
3400,2600,28935
5400,2150,128460
4550,3950,22819
4000,2650,299618
2950,2350,25836
4100,4100,18942
3800,2350,99403
5350,2050,91922
5350,3850,17809
4600,2250,286071
5000,4400,10538
3100,1850,168037
4750,4150,12603
4800,4800,1443
2950,3400,66561
3050,2300,28994
4100,2350,319299
4700,2900,200050
3650,2950,656063
4200,3050,569061
3300,2100,30381
5600,1500,20305
3850,3200,60
3400,4000,0
4200,4250,249
4900,3250,161435
5550,2050,14181
3750,2500,429154
3300,3300,0
4800,2550,226925
4650,3450,83647
5500,1950,3171
4750,3000,214511
5000,3200,192709
5000,2150,4726
4900,4450,99507
3050,3500,200212
3200,4950,0
5450,2400,150878
5000,3350,172189
5350,1700,25243
4200,3100,236565
750,950,123439
3800,1900,1420
5350,1850,62625
4550,1600,184719
3050,3450,99609
3900,2750,35889
5100,4050,19937
5450,2550,174368
4100,2400,1751371
4700,2850,88995
3650,2800,115510
3900,2800,64251
3900,2600,201389
3200,3600,2277
3100,1700,183711
4750,4000,1072391
4200,4300,3924
2850,4900,0
3100,1900,19815
4550,2800,320727
4650,3300,213199
4800,4750,10537
4550,2600,89531
3050,2250,45821
6400,1600,278833
4200,4100,591
4100,3400,10370
4750,5200,3963
1600,1000,8768
4650,4700,2103
3650,1800,10989
3300,3100,0
4700,1700,2920
4900,4300,63801
4700,1900,53803
4000,2700,102071
2950,2200,14186
3200,4800,0
4900,4500,16940
4650,4500,1833
5350,3900,14283
5500,1800,169712
2750,1800,52887
5000,5400,435
4550,3800,32799
4800,2400,4
4050,4150,260880
5600,2500,370082
4800,2600,181447
4900,3100,171986
5600,2700,209722
4900,3300,274561
5000,4200,108070
2850,4850,0
3300,2300,375570
5000,4600,34351
4550,1350,6056
4200,3250,248649
4650,2050,110630
5350,2700,460230
3650,2750,190874
4100,2550,196660
4700,2700,136212
3200,3550,92226
4800,3400,156488
4800,3800,13728
3050,2100,50472
4300,4000,260100
4000,2900,782544
4700,3850,32827
5100,4250,131548
4900,4100,466
2750,1750,19403
4750,3200,262893
5500,1750,3572018
4650,2500,117933
4900,4250,40705
3800,1850,64623
3050,2050,76110
5100,5300,0
3900,2550,362493
3200,1600,275772
4650,2450,226087
4650,2100,269688
4200,3300,1093027
4800,4950,1149
5450,2350,117218
4750,3150,206255
3900,2950,154828
4800,3550,4086
5450,2750,46569
4100,2600,469756
4550,1400,404
5600,1450,77702
5100,5250,717
2950,3550,3
2850,1850,121777
5550,2100,125925
5350,1650,44801
5000,3150,158930
3300,2250,135574
5600,2850,35670
5000,2200,480
5000,4150,17515
5350,2650,146738
5600,2450,164321
5000,4550,11544
5100,4300,16934
2950,4950,0
3400,2000,21367
2850,2450,25154
4550,4750,397
3750,2850,8454486
4100,3150,3108017
4550,2750,316903
4050,4200,7509
4750,5150,291
3850,3150,286348
3150,2200,202601
4000,2850,434212
5700,2550,77549
4650,4850,60
3300,3650,0
3750,2450,42813
4650,3050,386883
900,900,11315
5250,1950,34822
4000,2450,131636
5700,2150,631
2950,2150,16853
3300,3250,0
4650,4450,15396
4900,2250,29982
4550,3750,72646
4800,1750,19702
4100,2750,443614
5000,4000,2301
5550,2450,194271
4300,3000,234768
4650,3850,25083
4750,4550,8530
5600,2300,56174
3900,2350,203604
5450,1750,84370
3200,3350,81705
4850,4100,9321
3550,2900,277661
2850,1900,201977
4050,3200,721454
4750,3400,92843
4450,3850,173015
5450,2800,73570
4650,2700,45463
3300,3700,0
4700,3700,57702
3000,1950,26738
4700,1450,39287
4850,5300,735
5450,2150,77265
3400,3200,0
3200,1800,14973
4200,3450,16484
4750,4600,1836
3150,5000,0
4850,5250,3264
5450,2000,52827
5000,4800,2681
4300,4150,15927
3900,2200,73581
4900,5100,0
3650,2600,60636
4650,3700,31785
4800,3150,160954
3150,3350,147621
5400,1900,151153
4700,2450,37053
4650,3100,276795
3800,2650,85813
3800,2850,257595
5500,2600,457400
3100,4850,0
4300,3150,409406
5500,2800,184407
4650,4900,16
4550,2200,110545
4900,2300,0
3000,1800,49113
4650,4100,60567
5650,2150,49409
4450,1500,5655
5000,5000,6596
6350,1550,4907
4900,4900,3792
5000,5200,152
1250,2300,5490
4100,4400,3825
5100,2050,0
3200,2200,15950
3050,1650,117374
3200,2000,152868
4550,3400,131493
3750,3300,0
5550,1450,72559
3150,2150,51258
3150,2350,151441
4450,2700,298148
4750,2400,9707
5550,2650,78635
5250,2750,120654
3100,1650,561664
3700,1800,50317
4900,5300,288
4750,4750,601
4450,4850,9654
4550,4400,9754
3150,4800,0
2650,1850,36090
4900,3450,257943
4650,5100,12327
4150,4100,123
4200,4450,10218
3850,3000,495580
3800,2500,90066
2850,2100,71039
2850,1700,349276
5100,3050,352369
4650,3250,121319
5450,1950,20204
4450,3700,92549
3750,2300,81671
4200,2100,16009
5000,3800,23982
2950,2400,46902
5450,2600,68387
3900,3200,2771447
4200,2450,1206663
4850,5100,78
5000,2350,0
3050,3300,51539
5350,1900,225122
3950,3050,673440
4700,3900,9394
3100,3500,88872
2950,1750,76572
3100,3650,7668
3400,3550,0
4750,4400,29
5000,3000,1338669
4800,4600,7862
2900,1900,145228
3850,2350,190952
5700,1800,36836
5000,2800,200519
5550,2300,102291
5800,2500,13246
3300,2850,83800
4550,3550,25729
5450,1600,27867
4800,3750,754
4450,2850,467349
3300,2050,10511
4000,3250,493120
5000,4350,21115
5600,2650,212779
4550,4550,439
2850,2250,60330
3400,2200,6346
5100,4500,9239
2950,4750,0
4700,4900,41
4650,5250,252
5100,5050,18
3300,3850,0
3750,2650,94918
5250,1750,11774
4800,2750,268538
6050,1650,584
5350,2450,114831
3150,2000,5111763
4550,2550,316970
5200,4200,1575
4900,2450,72931
3700,2800,142964
4000,2250,239374
5700,2350,70915
5100,3500,63628
3200,2350,313735
4650,4250,43438
4850,3100,147206
5600,1650,3905
5000,5350,3483
6400,1550,1098
2750,2350,179671
4300,3400,478059
5800,2650,5908
4700,2100,143422
4450,2300,238601
4350,3950,28366
4850,4500,1675
5200,4350,40433
3250,2250,329991
4600,3750,104437
950,950,83050
3950,2450,694391
5000,2950,308687
5350,2100,2504
5400,1650,51228
4800,4000,15334
3400,3600,0
3650,2150,89437
4900,2850,287062
5650,2400,72277
4550,4200,35517
3900,3000,460567
5050,4100,117
5150,1850,74880
3400,2550,1591
5400,2700,311405
3100,2250,16579
4450,3450,114659
4000,4300,501
4350,2800,665512
5250,3750,32346
5050,5250,9867
2900,4850,0
4300,4550,2502
3550,2500,80171
800,950,732148
4050,2550,347317
3100,3300,662
3850,2950,122454
2750,2400,48989
4150,4300,3402
5500,2400,147739
4050,2400,46954
4000,4250,2994
3650,3350,0
3150,1600,283201
4400,4050,26466
5200,2150,0
4850,3450,368695
3450,1950,38006
5400,3850,1739
4950,5350,1404
5150,1900,19032
5250,2400,0
4750,2550,227590
3550,2450,192273
4050,2350,12341
4400,4250,1907
3650,2200,52471
5250,3600,578927
5300,4050,3567
3150,4950,0
4250,4000,69969
4700,2050,142987
3550,3850,0
5250,3800,50938
4950,5150,279
2900,2450,17767
4200,2850,1223565
4200,2650,1326587
4150,4250,3768
3550,3650,0
4850,2250,88219
3700,2750,410135
3700,2950,184048
4700,3450,194243
5100,2650,122378
4550,2000,248201
5550,1850,2578
4600,2550,109907
4800,5350,204
5300,1950,84617
4100,4000,4935
4300,2150,20707
3800,2450,115552
5100,2450,0
3500,2250,188946
3000,4950,0
4300,2350,93987
3800,2250,503909
4800,5150,279
4700,4250,13485
4100,2950,239852
4450,2100,225800
5050,4300,274438
4250,1850,65782
4700,2300,67441
3750,3050,385315
3250,2050,10123
3650,4200,0
4450,2500,876405
4850,4700,39236
5300,4100,24881
5650,2600,81376
4900,2650,224693
3750,1900,14342
5650,2200,35110
3950,2650,177131
3450,2800,512851
4950,3150,279200
5200,3000,161223
3400,3800,0
5050,5050,71
4500,2850,301283
3000,3600,10425
3400,2750,342221
3950,2250,580321
5100,2700,108872
4450,3650,380476
4150,3450,1284
3700,2550,41567
3950,3300,224894
5150,2700,83065
4750,3950,2436
3000,1600,1048508
5250,3550,39592
4200,3700,69818
2850,2050,35020
4050,2600,730631
5100,4650,3507
4950,2000,869
3400,3400,0
3300,1650,231631
6450,1650,149643
4650,2850,136548
4000,4050,9147
5700,1600,10176
4300,4350,6312
3100,2050,356359
5500,2200,556854
4450,4500,90
4450,3250,180685
3950,2700,87316
2900,1700,1266169
5100,3300,127119
2950,1600,297738
3400,3350,0
1300,2300,12414
4500,1500,1721
1750,1500,12383
5000,4950,959
4550,3350,81438
3500,3100,0
3350,2150,113546
3200,1950,32469
4700,4700,7232
5100,4700,3149
4650,5050,833
3250,3300,0
4400,3100,218083
4850,2300,41444
4650,2900,169139
5050,3050,206050
4600,2600,249555
4950,4400,23070
3050,5050,0
5400,2500,159869
3050,1900,7386
3300,1700,763660
4600,4600,5063
5000,5150,3525
4800,2950,381417
4400,4500,4273
3150,3600,15747
5550,2900,47783
4700,4300,7535
5200,4400,20217
5550,2500,2080765
3500,3500,0
5300,2800,266848
4500,2900,166021
4750,2600,378235
4700,4050,93840
5300,4300,4116
2800,4950,0
3750,3250,0
4700,2500,134316
3200,2150,15616
2850,2300,195963
5800,2250,58
4450,3900,121460
5000,2550,25662
4400,2250,792469
5250,1800,75788
3000,3400,76514
3800,2700,40532
4950,2900,355056
4500,2650,62185
4950,3350,133557
5600,1900,0
5100,4450,45682
5150,2500,15799
4050,2800,161461
5000,3600,25868
5250,3350,1541
3950,3100,992310
5100,2900,512520
4350,2400,569680
3600,3900,0
4850,4050,6
5500,1550,612
4200,3500,65981
4650,2650,105713
4950,2200,55831
4450,4300,1143
3600,2850,82834
3850,2550,195670
5200,2400,0
4800,3350,176807
4150,4050,1626
5250,2000,64996
3900,2400,320618
4150,2500,164753
4050,3950,368991
3650,2400,67138
4900,3500,22007
5650,1750,9
3550,2050,173797
5150,3850,144035
4900,5050,542
5250,2200,0
4150,2300,199582
4900,5250,105
3550,2250,107092
5050,2100,0
5300,2100,0
3600,2150,29868
4750,5000,19332
3150,4750,0
4800,2000,304172
5200,3750,40505
4750,2350,20853
4800,1800,63744
5150,3650,31731
4250,4200,12339
4700,3650,38
3450,2550,246938
4000,2500,538735
3750,2100,55237
5850,1650,3023
4250,2000,29036
4050,4350,14910
2950,2000,109600
4800,2200,3311
4750,1950,168118
4550,3600,70882
5350,3700,3434
4000,2300,48017
4300,2550,125988
5100,2250,0
3500,2650,129258
4600,3950,25075
3500,2450,244987
4600,2150,263744
4850,3850,1340
4100,4200,7458
5400,2250,1249894
2750,2150,1130354
4850,1650,36061
3000,4750,0
4750,2800,2037800
5800,2450,40529
4250,3350,296744
3350,2850,155698
5050,2800,201309
5200,4150,7282
4300,3200,743602
5400,1850,30717
4550,5150,0
5600,2100,91982
5600,1700,21429
4550,4000,69717
4400,4700,20268
4550,2950,354295
4050,3000,138753
4350,3750,2568
2800,5100,0
4900,3050,710767
5550,2250,148176
5000,2750,1350882
4600,2800,469377
4600,4350,8483
3800,2900,250292
3250,2900,409119
3550,2700,153072
5000,3400,89204
4350,2600,49719
3300,3900,0
4750,4800,727
4600,1950,17159
5200,2600,68091
5250,4200,9
3850,2750,52472
3950,2900,70748
3400,3150,0
4400,2950,273604
2950,1800,28470
4550,3150,161925
5000,4750,23511
4600,3000,1548583
3500,3300,0
2950,3350,28025
4500,4400,5223
4250,2900,340403
4700,4500,5358
5100,3100,228365
5100,4900,948
5350,2850,58127
4850,2500,74648
4700,1650,103658
4550,4950,660
1150,2550,4090
5050,3250,2384834
4500,4650,121
3200,1750,18892
4900,4850,6994
3250,3100,0
2750,1950,28149
4100,3350,234396
3300,1900,12540
4950,4200,280340
3050,1700,158001
3600,3000,49147
4650,4650,3693
4350,4600,14955
4600,4800,169
2800,1800,18936
5700,2750,7027
3300,3450,0
5200,4600,3348
1250,2250,5406
3150,3400,141051
4350,3050,520925
3800,3100,816104
5550,2700,166044
2850,1650,522072
2600,1950,234981
4850,1850,186501
4150,2850,624577
5150,3300,114726
4400,2650,329015
5050,4900,6467
4500,4500,842
1750,1050,1787
3600,2450,107058
3500,2850,111879
5150,2150,0
5750,1650,1115
4400,4900,1347
2800,2250,93271
3350,3800,0
3250,1950,63598
4350,3100,249175
5300,2450,158782
3350,2650,744
4400,3850,313628
4250,2400,327748
4500,2150,279221
4600,4000,201401
4500,2250,141308
5150,2200,0
3350,3750,0
5300,3600,124762
4950,4800,60312
4950,4900,1654
4150,3950,1587
4500,3400,155340
5300,3550,26818
5250,4000,146451
4400,3800,656845
2800,2200,380926
3700,3100,167288
4500,3350,146499
4300,1900,1428
5200,2850,141567
4950,2550,289469
4950,3700,479
5200,2950,24761
4850,1950,265434
5300,4700,2
4950,3800,138
4400,2500,454758
4150,2750,641665
5050,2700,262828
2750,5100,0
4850,1700,191721
4250,3450,266390
4400,2700,234034
5150,3250,242512
5750,1500,15206
5150,3400,380247
5300,2500,47063
3700,3050,147062
2900,5100,0
3700,4200,0
5150,2050,0
5750,1750,17768
3600,2350,208527
5300,4650,16
4950,2600,150756
5200,3950,18887
5250,4150,19607
5150,4650,38447
3700,2100,410499
4350,4100,157974
5150,4400,11411
5400,2000,967940
3600,3550,0
2650,2000,202340
5050,2550,0
4950,4750,843
5400,2050,110217
4250,3600,200099
5050,3750,68712
1800,1500,233212
4350,4350,12489
4400,4850,45
4150,2900,580346
3100,5000,0
4150,1750,63318
3450,3300,0
4450,5050,0
1750,1000,11744
3450,2150,67750
3400,1950,11849
5200,2650,92615
5900,1650,40476
3500,3800,0
4150,2600,107793
3600,2600,45724
4400,2800,439636
4450,4000,25757
4350,2150,18884
5200,3800,61524
5150,3150,350419
5100,1950,0
4600,3150,275512
4500,4750,997
4700,5000,140
3250,1700,111950
3550,3100,0
5150,4700,5189
3000,2050,16849
4950,2700,563307
4600,5050,18549
5250,4250,22368
4150,1900,66439
5150,3550,103493
4500,4350,2724
4600,4300,16442
5250,3150,175219
3350,3950,0
5750,2600,119094
3000,5050,0
5150,2300,0
3350,3650,0
4950,2300,0
4150,3850,63738
4850,2700,144726
4500,3100,291978
4400,3900,100953
5200,2700,328498
5250,4300,67572
5150,2450,0
1100,2500,9629
5650,1850,420
3600,2200,40744
3550,2000,356498
4400,2400,418607
2800,2300,155395
3450,3250,0
3600,2500,74417
5050,4600,20236
3350,2700,19138
4950,3400,169285
4600,3200,128827
4400,2750,2371438
4400,2350,920028
3450,3000,124161
3700,3200,0
4450,4100,11524
3350,2300,618045
4350,3400,446941
4500,4200,6951
4350,2250,564189
4500,4450,14151
5650,1900,2478
4350,3250,310913
4400,3500,96936
4350,3000,239865
4850,2950,263904
2800,2150,243682
3600,3850,0
3350,3700,0
5050,4850,1609
3600,3200,0
4400,3750,2140
5200,4800,418
3700,4150,0
3600,3450,0
4950,4650,379
5850,1550,6361
5400,2100,113192
5400,2350,72740
2900,5000,0
3950,2950,136083
4600,2050,294689
5300,1650,39628
2600,1750,3447
5050,4500,5734
4500,4900,61500
4450,4250,1445
4600,3300,124993
4400,4550,8190
5150,3700,65902
4950,2150,460
3950,2850,85751
4500,4100,11239
3350,2250,407348
4200,1900,68258
3550,3350,0
5300,2850,22244
4150,2450,415610
3450,2600,302546
4500,3700,59319
4250,3150,258860
4300,2600,37955
3250,3850,0
2700,1850,33486
3700,2350,113597
4700,5250,186
4450,3000,329280
2700,1950,137103
5300,2050,28216
5300,3950,30921
4600,4550,3670
4950,2950,329132
4500,3000,237537
5650,1600,1245
5300,3150,6624
3600,2750,100883
4350,2300,471159
3350,3350,0
3150,1900,108537
4450,3150,540076
3550,2100,123895
1650,1050,16620
5150,3000,355266
5200,2550,107679
4300,3700,169549
4500,4800,24963
3650,4100,0
4400,4450,2709
4300,3950,82845
5250,2050,701
2700,2100,81166
5650,2700,168431
5300,2750,145393
3000,2150,97271
5050,2300,0
3550,3200,0
3550,3450,0
4850,3800,372
3450,2500,106690
4500,3800,54869
4250,3050,238628
3400,3900,0
5150,4800,3643
4950,4500,20356
4250,2050,25935
4400,3450,9158
5400,2400,126328
3450,2750,249924
2850,5000,0
5150,4000,68550
5050,3500,56582
5200,4900,70
4300,2500,554545
2900,2200,58544
5150,4250,54978
4750,1750,659
4250,2650,462945
3450,3700,0
4500,2600,65918
4300,2750,431704
4700,4200,10638
5300,1750,78380
3450,3950,0
3950,2600,126237
5100,3850,4138
3700,3350,0
3450,3150,0
5500,2150,48487
2700,2000,296841
5300,2600,208894
4500,1600,92629
5250,3500,2832
4450,2150,124581
2900,2350,96111
4350,3350,213048
4500,2000,99996
4850,3900,474
5050,4750,10544
3500,2600,205371
5050,2400,0
4700,3100,261638
4400,3200,478523
5250,3050,31249
3600,3300,0
5300,3700,43970
3350,3100,0
4000,4000,28251
5750,2500,489283
2800,5050,0
3250,1650,144541
3700,2250,170075
4600,4650,685
3650,3000,107396
5300,2150,0
4000,4100,20844
950,2750,2861
4500,3950,25004
4950,2850,328243
4850,2800,667131
5300,3850,22410
4050,2650,263168
3150,1800,46780
2700,1700,155591
5250,4600,8432
1050,2550,15267
4000,3000,146717
5500,2000,4167
4500,3250,2118138
3500,2150,30631
3250,3500,136566
5500,2250,94952
5100,3750,41682
5400,1550,2780
3500,2950,106753
4250,2500,1629996
4450,2050,49337
5800,1750,18375
4600,4400,1675
3500,2700,147898
3350,1900,29117
3250,3750,0
5100,2500,0
5150,4350,10946
5800,1500,898
4350,4200,22350
4150,1800,33393
2900,2100,16738
3450,2850,236388
5150,4100,415822
4500,2950,98277
4250,2750,270071
5100,2750,92354
5050,2650,215295
4300,2850,476552
5200,1900,26769
4850,2350,0
5050,3650,35392
4800,5050,841
4250,3500,281651
3500,3950,0
5200,4450,46077
4750,1650,284741
4400,4300,983
4250,3750,40481
3450,3600,0
4500,2700,302338
3450,2050,32815
3450,3850,0
4350,4450,47412
5050,3400,64929
5250,2500,56816
3500,3700,0
4850,4900,1367
4300,3600,201143
2950,1900,50888
4400,4150,27791
5000,2900,132001
4550,3050,348117
5200,2000,0
4700,4450,14184
3450,1800,80132
4950,5200,37
5800,2600,7669
3300,2900,166213
4450,4650,462
3800,2300,382660
3550,3750,0
3250,3450,553806
5350,4450,10566
4600,2500,409667
3850,2800,234586
3500,3250,0
5550,1700,30940
4450,3550,90719
4600,4950,0
4150,3250,275848
5150,2900,303593
5050,5300,6096
5100,4850,2311
5400,2800,84374
2900,4950,0
4550,4150,24392
4350,2700,191799
5800,1450,805
4900,2900,287890
3450,2900,128649
3300,1750,94022
5050,4050,15673
4150,4400,56421
5700,1950,5931
4450,4700,4977
3400,3750,0
4750,4950,905
3550,2650,261069
5500,2300,91089
3650,3250,0
5350,4500,4717
5800,2550,1803
4300,3300,218774
5300,4000,23488
4850,4600,4003
3100,3450,74675
2800,1750,63623
4800,4100,46315
4750,2750,476675
3450,1750,70546
4900,2750,288528
5650,2300,183877
4850,4450,2421
4300,3550,320947
3100,2100,49399
5200,3100,127855
3300,1800,22604
5650,2550,73976
2800,1900,62440
5200,4500,111327
5400,2650,180915
4600,4700,374
5200,3350,70031
4950,4100,82
4600,2750,423709
3900,3150,563006
5550,2800,263219
3150,3700,9089
5050,3100,381245
4400,3050,383692
3050,1850,25892
4750,2500,992680
4550,3200,175568
5150,3950,8898
4000,3300,244582
5400,3750,4248
3150,1750,58916
5700,1700,1155
5200,2250,0
3550,3500,0
3800,2550,143459
3550,2350,164665
4600,3550,40989
5650,1450,110150
5200,3400,81234
4700,4600,10704
4200,2950,1738304
4750,2450,37492
5300,1800,86296
4550,2100,173317
3350,2000,11898
4650,5150,83310
4300,4400,15189
5350,2300,47167
5100,4550,7359
3400,2650,238489
5850,1700,25673
4200,2550,177912
4150,3300,386343
5000,3950,7105
5050,5150,150
5600,2050,2541
3400,2350,144275
3550,2400,120630
4350,2550,46566
4750,4700,1048
3000,1750,358474
4350,2950,414456
4800,3000,157304
4250,4150,10326
4900,1800,161655
2750,2200,1441516
5150,2850,129773
4450,4400,302
3550,3900,0
4200,3650,112955
5200,2300,0
4400,2100,24180
4350,3800,45455
2750,2050,246425
5450,1800,38009
4250,1950,107363
4100,4150,17040
3950,2300,128001
4600,3850,40128
5000,2600,144388
4650,5200,4161
5050,4450,10363
3600,2900,136695
4700,4150,121077
5000,2850,110347
5600,2200,154525
3950,2550,228640
4950,3250,204201
4950,3000,1058814
3550,2800,338724
5350,2000,169083
3450,4000,0
1550,1000,11290
5250,1700,36012
4350,3650,29213
5050,4200,57465
5350,2250,157781
4000,2200,176391
3400,2400,49977
4500,4050,28189
4600,2200,437848
5350,3650,2723
4650,4050,229797
4200,2700,1068250
3400,2800,216942
4600,2450,163772
4650,1900,12649
3000,2200,43040
4550,1950,3305
4750,2200,2
5100,3200,222000
5250,2100,0
4550,4600,405
4250,2800,1334056
5050,3350,152761
3500,3650,0
3650,2550,78072
4250,4300,8997
5200,3650,51309
3200,1850,50092
3600,2050,802042
4700,3750,44484
5150,2600,258024
4600,2900,159462
3350,3400,0
4850,4150,18835
3750,2900,1477879
4200,3400,81584
3850,2400,108187
4100,3900,28545
3950,3250,2696458
4550,5000,6543
4800,3250,360610
4050,2950,399579
5750,2450,44791
5300,4400,30530
2650,1900,1275162
4850,3050,343387
5850,2650,5
4700,2650,570638
3200,3400,108855
4750,2900,358481
3150,3550,70020
4200,4500,1779
4050,3350,316140
5250,4550,7711
3800,3000,431049
5050,2950,254178
4850,4850,2756
5250,3200,75144
4100,3200,811884
4900,2500,74599
5100,2800,363867
3050,2000,62479
4050,3100,2254983
3000,3550,13896
3000,3300,48426
4350,4500,63093
4850,2650,165164
4700,3050,268362
5000,5050,305
5700,2650,180604
3050,1600,172773
3300,3550,0
4400,4600,3534
2950,4800,0
1250,2350,106240
5250,2800,238933
2900,1650,133974
4250,3200,515111
3350,1850,63346
3600,3150,0
4450,2900,263112
3500,3400,0
4700,4850,224
4950,4350,18196
4200,1850,98586
5200,4750,6088
5500,2550,259336
3900,2500,1971053
5100,3450,139639
3650,2300,286934
3450,3550,0
4750,5100,182
4050,2250,889973
5250,3900,21476
4650,3650,78622
5300,2200,341
4850,2400,0
5000,4650,32872
4900,4950,4020
5250,2350,0
4800,1900,98011
5700,2400,99512
4300,2900,179753
3650,3400,0
3100,2350,33665
4450,3300,75387
5450,2200,131530
5200,1850,53937
3250,2800,57188
4700,3500,4235
4050,2700,378528
5350,1600,55861
2900,2050,31120
3250,2100,8957
4600,4250,11655
4550,1700,520
3850,2650,50535
4600,5100,18159
4500,3650,113660
5400,1700,68078
4650,2550,614131
4450,2200,165543
3250,3900,0
3300,2200,163716
5200,4050,34447
4700,2400,21389
4100,2800,318851
5400,1950,3141
3500,2300,65707
4500,2300,566851
4450,2450,1269960
4500,2550,99335
6350,1600,106829
3700,2650,157777
3450,2450,1083583
4250,2350,176816
4800,5200,2004
3450,2200,29901
3700,2400,76078
4250,3900,33900
4250,2100,40525
4350,4050,1127874
5100,2100,0
5050,3800,19416
4200,4050,7467
4300,2200,376
4850,3500,1012147
4300,2450,937509
2850,2400,239460
5100,3900,87
5050,2250,0
3500,2550,149344
5750,1800,25
5100,2350,0
4950,1900,20458
